{
	"Vegetables": [
	{	"name": "Lettuce",
		"percent": 75,
		"quantity": "Free Feed",
		"stock": false,
		"restriction": false},
		
	{	"name": "Kale",
		"percent": 75,
		"quantity": "Free Feed",
		"stock": false,
		"restriction": false},
		
	{	"name": "Carrot",
		"percent": 5,
		"quantity": "5 grams",
		"stock": false
		"restriction": false}
	
	{	"name": "Zuchinni",
		"percent": 5,
		"quantity": "5 grams",
		"stock": false,
		"restriction": false}	
		]
	
	"Fruits": [
	{	"name": "Strawberry",
		"percent": 5,
		"quantity": "Free Feed",
		"stock": false,
		"restriction": true},
		
	{	"name": "Banana",
		"percent": 5,
		"quantity": "Free Feed",
		"stock": false,
		"restriction": true},
		
	{	"name": "Blueberry",
		"percent": 5,
		"quantity": "5 grams",
		"stock": false
		"restriction": true}
	
	{	"name": "Zuchinni",
		"percent": 5,
		"quantity": "5 grams",
		"stock": false,
		"restriction": true}	
		]
	
	"Insects": [
	{	"name": "Meal Worms",
		"percent": 30,
		"quantity": "Free Feed",
		"stock": false,
		"restriction": true},
		
	{	"name": "Crickets - small",
		"percent": 50,
		"quantity": "10 min window",
		"stock": false,
		"restriction": true},
		
	{	"name": "Crickets - large",
		"percent": 30,
		"quantity": "10 min window",
		"stock": false
		"restriction": true}	
		]
}
