{
    "Greens":[
        {"greens":"Collard Greens", "checked": false, 
        "restricted": false, "rdate": "0/0/0"},
        {"greens":"Kale", "checked": false, 
        "restricted": false, "rdate": "0/0/0"},
        {"greens":"Romaine", "checked": false, 
        "restricted": false, "rdate": "0/0/0"},
        {"greens":"Dandelion", "checked": false, 
        "restricted": false, "rdate": "0/0/0"},
        {"greens":"Turnip greens", "checked": false, 
        "restricted": false, "rdate": "0/0/0"},
        {"greens":"Mustard greens", "checked": false, 
        "restricted": false, "rdate": "0/0/0"},
        {"greens":"Beet greens", "checked": false, 
        "restricted": false, "rdate": "0/0/0"},
        {"greens":"Bok Choy", "checked": false, 
        "restricted": false, "rdate": "0/0/0"},
        {"greens":"Swiss chard", "checked": false, 
        "restricted": false, "rdate": "0/0/0"},
        {"greens":"Spinach", "checked": false, 
        "restricted": false, "rdate": "0/0/0"},
        {"greens":"Chicory", "checked": false, 
        "restricted": false, "rdate": "0/0/0"},
        {"greens":"Escarole", "checked": false, 
        "restricted": false, "rdate": "0/0/0"},
        {"greens":"Alfalfa hay", "checked": false, 
        "restricted": false, "rdate": "0/0/0"},
        {"greens":"Chow", "checked": false, 
        "restricted": false, "rdate": "0/0/0"},
        {"greens":"Parsley", "checked": false, 
        "restricted": false, "rdate": "0/0/0"},
        {"greens":"Watercress", "checked": false, 
        "restricted": false, "rdate": "0/0/0"},
        {"greens":"Clover", "checked": false, 
        "restricted": false, "rdate": "0/0/0"},
        {"greens":"Red/Green Cabbage", "checked": false, 
        "restricted": false, "rdate": "0/0/0"},
        {"greens":"Savory", "checked": false, 
        "restricted": false, "rdate": "0/0/0"},
        {"greens":"Cilantro", "checked": false, 
        "restricted": false, "rdate": "0/0/0"},
        {"greens":"Grape leaves", "checked": false, 
        "restricted": false, "rdate": "0/0/0"},
        {"greens":"Green/Red Lettuce", "checked": false, 
        "restricted": false, "rdate": "0/0/0"},
        {"greens":"Endive", "checked": false, 
        "restricted": false, "rdate": "0/0/0"},
        {"greens":"Rocket greens", "checked": false, 
        "restricted": false, "rdate": "0/0/0"},
        {"greens":"Chives", "checked": false, 
        "restricted": false, "rdate": "0/0/0"},
        {"greens":"Spinach", "checked": false, 
        "restricted": false, "rdate": "0/0/0"}
        ],
    "Vegetables":[
        {"vegetables":"Squash", "checked": false, 
        "restricted": false, "rdate": "0/0/0"},
	{"vegetables":"Zucchini", "checked": false, 
        "restricted": false, "rdate": "0/0/0"},
        {"vegetables":"Sweet Potato", "checked": false, 
        "restricted": false, "rdate": "0/0/0"},
	{"vegetables":"Broccoli", "checked": false, 
        "restricted": false, "rdate": "0/0/0"},
	{"vegetables":"Peas", "checked": false, 
        "restricted": false, "rdate": "0/0/0"},
	{"vegetables":"Carrot", "checked": false, 
        "restricted": false, "rdate": "0/0/0"},
	{"vegetables":"Beans", "checked": false, 
        "restricted": false, "rdate": "0/0/0"},
	{"vegetables":"Okra", "checked": false, 
        "restricted": false, "rdate": "0/0/0"},
	{"vegetables":"Bean Sprouts", "checked": false, 
        "restricted": false, "rdate": "0/0/0"},
	{"vegetables":"Tofu", "checked": false, 
        "restricted": false, "rdate": "0/0/0"},
	{"vegetables":"Kholrabi", "checked": false, 
        "restricted": false, "rdate": "0/0/0"},
	{"vegetables":"Bell peppers", "checked": false, 
        "restricted": false, "rdate": "0/0/0"},
	{"vegetables":"Green beans", "checked": false, 
        "restricted": false, "rdate": "0/0/0"},
	{"vegetables":"Cactus", "checked": false, 
        "restricted": false, "rdate": "0/0/0"},
	{"vegetables":"Various Squash", "checked": false, 
        "restricted": false, "rdate": "0/0/0"},
	{"vegetables":"Sprouts", "checked": false, 
        "restricted": false, "rdate": "0/0/0"},
	{"vegetables":"Cooked sweet potato", "checked": false, 
        "restricted": false, "rdate": "0/0/0"},
	{"vegetables":"Parsnips", "checked": false, 
        "restricted": false, "rdate": "0/0/0"},
	{"vegetables":"Cucumber", "checked": false, 
        "restricted": false, "rdate": "0/0/0"},
	{"vegetables":"Asparagus", "checked": false, 
        "restricted": false, "rdate": "0/0/0"},
	{"vegetables":"Mushrooms", "checked": false, 
        "restricted": false, "rdate": "0/0/0"},
	{"vegetables":"Corn", "checked": false, 
        "restricted": false, "rdate": "0/0/0"},
	{"vegetables":"Squash (various)", "checked": false, 
        "restricted": false, "rdate": "0/0/0"},
	{"vegetables":"Lentils", "checked": false, 
        "restricted": false, "rdate": "0/0/0"},
	{"vegetables":"Pumpkin", "checked": false, 
        "restricted": false, "rdate": "0/0/0"},
	{"vegetables":"Snow Peas", "checked": false, 
        "restricted": false, "rdate": "0/0/0"},
	{"vegetables":"Turnip", "checked": false, 
        "restricted": false, "rdate": "0/0/0"},
	{"vegetables":"Cooked/Raw potato", "checked": false, 
        "restricted": false, "rdate": "0/0/0"},
	{"vegetables":"Yellow Wax Beans", "checked": false, 
        "restricted": false, "rdate": "0/0/0"},
	{"vegetables":"Alfalfa pellets", "checked": false, 
        "restricted": false, "rdate": "0/0/0"}
    ],
    "Insects":[
        {"insects":"Crickets", "checked": false, 
        "restricted": false, "rdate": "0/0/0"},
        {"insects":"Superworms", "checked": false, 
        "restricted": false, "rdate": "0/0/0"},
        {"insects":"Waxworms", "checked": false, 
        "restricted": false, "rdate": "0/0/0"},
        {"insects":"Grasshoppers", "checked": false, 
        "restricted": false, "rdate": "0/0/0"},
        {"insects":"Locusts", "checked": false, 
        "restricted": false, "rdate": "0/0/0"},
        {"insects":"Pinky mice", "checked": false, 
        "restricted": false, "rdate": "0/0/0"},
        {"insects":"Earthworms", "checked": false, 
        "restricted": false, "rdate": "0/0/0"},
        {"insects":"Mealworms", "checked": false, 
        "restricted": false, "rdate": "0/0/0"},
        {"insects":"Dubia roaches", "checked": false, 
        "restricted": false, "rdate": "0/0/0"},
        {"insects":"Black soldier fly larvae", "checked": false, 
        "restricted": false, "rdate": "0/0/0"},
        {"insects":"Silkworms", "checked": false, 
        "restricted": false, "rdate": "0/0/0"}
    ],
    "Fruits":[
        {"fruits":"Strawberry", "checked": false, 
        "restricted": false, "rdate": "0/0/0"},
	{"fruits":"Papaya", "checked": false, 
        "restricted": false, "rdate": "0/0/0"},
	{"fruits":"Melons", "checked": false, 
        "restricted": false, "rdate": "0/0/0"},
	{"fruits":"Banana", "checked": false, 
        "restricted": false, "rdate": "0/0/0"},
	{"fruits":"Mango", "checked": false, 
        "restricted": false, "rdate": "0/0/0"},
	{"fruits":"Grapes", "checked": false, 
        "restricted": false, "rdate": "0/0/0"},
	{"fruits":"Star Fruit", "checked": false, 
        "restricted": false, "rdate": "0/0/0"},
	{"fruits":"Raisins", "checked": false, 
        "restricted": false, "rdate": "0/0/0"},
	{"fruits":"Peach", "checked": false, 
        "restricted": false, "rdate": "0/0/0"},
	{"fruits":"Tomato", "checked": false, 
        "restricted": false, "rdate": "0/0/0"},
	{"fruits":"Guava", "checked": false, 
        "restricted": false, "rdate": "0/0/0"},
	{"fruits":"Kiwis", "checked": false, 
        "restricted": false, "rdate": "0/0/0"},
	{"fruits":"Figs", "checked": false, 
        "restricted": false, "rdate": "0/0/0"},
	{"fruits":"Apricots", "checked": false, 
        "restricted": false, "rdate": "0/0/0"},
	{"fruits":"Raspberries", "checked": false, 
        "restricted": false, "rdate": "0/0/0"},
	{"fruits":"Berries", "checked": false, 
        "restricted": false, "rdate": "0/0/0"},
	{"fruits":"Cantaloupe", "checked": false, 
        "restricted": false, "rdate": "0/0/0"},
	{"fruits":"Oranges", "checked": false, 
        "restricted": false, "rdate": "0/0/0"},
	{"fruits":"Pears", "checked": false, 
        "restricted": false, "rdate": "0/0/0"},
	{"fruits":"Tomatoes", "checked": false, 
        "restricted": false, "rdate": "0/0/0"},
	{"fruits":"Plums", "checked": false, 
        "restricted": false, "rdate": "0/0/0"},
	{"fruits":"Blueberries", "checked": false, 
        "restricted": false, "rdate": "0/0/0"}
    ],
    "Other":[
        {"other":"Hibiscus", "checked": false, 
        "restricted": false, "rdate": "0/0/0"},
        {"other":"Dandelion", "checked": false, 
        "restricted": false, "rdate": "0/0/0"},
        {"other":"Nasturtiums", "checked": false, 
        "restricted": false, "rdate": "0/0/0"},
        {"other":"Roses", "checked": false, 
        "restricted": false, "rdate": "0/0/0"},
        {"other":"Carnations", "checked": false, 
        "restricted": false, "rdate": "0/0/0"},
        {"other":"Geraniums", "checked": false, 
        "restricted": false, "rdate": "0/0/0"},
        {"other":"Pansies", "checked": false, 
        "restricted": false, "rdate": "0/0/0"},
        {"other":"Petunias", "checked": false, 
        "restricted": false, "rdate": "0/0/0"},
        {"other":"Violets", "checked": false, 
        "restricted": false, "rdate": "0/0/0"}
    ]
    
    
    
    
    
    
    
    
    
    
    
    
    
}
